country,1961,1962,1963,1964,1965,1966,1967,1968,1969,1970,1971,1972,1973,1974,1975,1976,1977,1978,1979,1980,1981,1982,1983,1984,1985,1986,1987,1988,1989,1990,1991,1992,1993,1994,1995,1996,1997,1998,1999,2000,2001,2002,2003,2004,2005,2006,2007,2008,2009,2010,2011,2012,2013,2014,2015,2016,2017,2018
Afghanistan,653000,653000,653000,653000,653000,653000,653000,653000,653000,653000,653000,653000,653000,653000,653000,653000,653000,653000,653000,653000,653000,653000,653000,653000,653000,653000,653000,653000,653000,653000,653000,653000,653000,653000,653000,653000,653000,653000,653000,653000,653000,653000,653000,653000,653000,653000,653000,653000,653000,653000,653000,653000,653000,653000,653000,653000,653000,653000
Albania,27400,27400,27400,27400,27400,27400,27400,27400,27400,27400,27400,27400,27400,27400,27400,27400,27400,27400,27400,27400,27400,27400,27400,27400,27400,27400,27400,27400,27400,27400,27400,27400,27400,27400,27400,27400,27400,27400,27400,27400,27400,27400,27400,27400,27400,27400,27400,27400,27400,27400,27400,27400,27400,27400,27400,27400,27400,27400
Algeria,2380000,2380000,2380000,2380000,2380000,2380000,2380000,2380000,2380000,2380000,2380000,2380000,2380000,2380000,2380000,2380000,2380000,2380000,2380000,2380000,2380000,2380000,2380000,2380000,2380000,2380000,2380000,2380000,2380000,2380000,2380000,2380000,2380000,2380000,2380000,2380000,2380000,2380000,2380000,2380000,2380000,2380000,2380000,2380000,2380000,2380000,2380000,2380000,2380000,2380000,2380000,2380000,2380000,2380000,2380000,2380000,2380000,2380000
Andorra,470,470,470,470,470,470,470,470,470,470,470,470,470,470,470,470,470,470,470,470,470,470,470,470,470,470,470,470,470,470,470,470,470,470,470,470,470,470,470,470,470,470,470,470,470,470,470,470,470,470,470,470,470,470,470,470,470,470
Angola,1250000,1250000,1250000,1250000,1250000,1250000,1250000,1250000,1250000,1250000,1250000,1250000,1250000,1250000,1250000,1250000,1250000,1250000,1250000,1250000,1250000,1250000,1250000,1250000,1250000,1250000,1250000,1250000,1250000,1250000,1250000,1250000,1250000,1250000,1250000,1250000,1250000,1250000,1250000,1250000,1250000,1250000,1250000,1250000,1250000,1250000,1250000,1250000,1250000,1250000,1250000,1250000,1250000,1250000,1250000,1250000,1250000,1250000
Antigua and Barbuda,440,440,440,440,440,440,440,440,440,440,440,440,440,440,440,440,440,440,440,440,440,440,440,440,440,440,440,440,440,440,440,440,440,440,440,440,440,440,440,440,440,440,440,440,440,440,440,440,440,440,440,440,440,440,440,440,440,440
Argentina,2740000,2740000,2740000,2740000,2740000,2740000,2740000,2740000,2740000,2740000,2740000,2740000,2740000,2740000,2740000,2740000,2740000,2740000,2740000,2740000,2740000,2740000,2740000,2740000,2740000,2740000,2740000,2740000,2740000,2740000,2740000,2740000,2740000,2740000,2740000,2740000,2740000,2740000,2740000,2740000,2740000,2740000,2740000,2740000,2740000,2740000,2740000,2740000,2740000,2740000,2740000,2740000,2740000,2740000,2740000,2740000,2740000,2740000
Armenia,28500,28500,28500,28500,28500,28500,28500,28500,28500,28500,28500,28500,28500,28500,28500,28500,28500,28500,28500,28500,28500,28500,28500,28500,28500,28500,28500,28500,28500,28500,28500,28500,28500,28500,28500,28500,28500,28500,28500,28500,28500,28500,28500,28500,28500,28500,28500,28500,28500,28500,28500,28500,28500,28500,28500,28500,28500,28500
Australia,7680000,7680000,7680000,7680000,7680000,7680000,7680000,7680000,7680000,7680000,7680000,7680000,7680000,7680000,7680000,7680000,7680000,7680000,7680000,7680000,7680000,7680000,7680000,7680000,7680000,7680000,7680000,7680000,7680000,7680000,7680000,7680000,7680000,7680000,7680000,7680000,7680000,7680000,7680000,7680000,7680000,7680000,7680000,7680000,7680000,7680000,7680000,7680000,7680000,7680000,7680000,7680000,7680000,7680000,7680000,7690000,7690000,7690000
Austria,82600,82600,82600,82600,82600,82600,82600,82600,82600,82600,82600,82600,82600,82600,82600,82600,82600,82600,82600,82600,82600,82600,82600,82600,82600,82600,82600,82600,82600,82600,82600,82600,82600,82600,82600,82600,82600,82600,82600,82600,82600,82600,82600,82600,82600,82600,82600,82600,82600,82600,82600,82600,82500,82500,82500,82500,82500,82500
Azerbaijan,83200,83200,83200,83200,83200,83200,83200,83200,83200,83200,83200,83200,83200,83200,83200,83200,83200,83200,83200,83200,83200,83200,83200,83200,83200,83200,83200,83200,83200,83200,83200,83200,83200,83200,83200,83200,83200,83100,82700,82600,82600,82600,82700,82700,82700,82600,82600,82600,82600,82700,82700,82700,82700,82700,82700,82700,82700,82700
Bahamas,10000,10000,10000,10000,10000,10000,10000,10000,10000,10000,10000,10000,10000,10000,10000,10000,10000,10000,10000,10000,10000,10000,10000,10000,10000,10000,10000,10000,10000,10000,10000,10000,10000,10000,10000,10000,10000,10000,10000,10000,10000,10000,10000,10000,10000,10000,10000,10000,10000,10000,10000,10000,10000,10000,10000,10000,10000,10000
Bahrain,690,690,690,690,690,690,690,690,690,690,690,690,690,690,690,690,690,690,690,690,690,690,690,690,690,690,690,690,690,690,690,710,710,710,710,710,710,710,710,710,710,710,720,730,740,740,750,760,760,762,767,770,770,771,778,778,778,778
Bangladesh,130000,130000,130000,130000,130000,130000,130000,130000,130000,130000,130000,130000,130000,130000,130000,130000,130000,130000,130000,130000,130000,130000,130000,130000,130000,130000,130000,130000,130000,130000,130000,130000,130000,130000,130000,130000,130000,130000,130000,130000,130000,130000,130000,130000,130000,130000,130000,130000,130000,130000,130000,130000,130000,130000,130000,130000,130000,130000
Barbados,430,430,430,430,430,430,430,430,430,430,430,430,430,430,430,430,430,430,430,430,430,430,430,430,430,430,430,430,430,430,430,430,430,430,430,430,430,430,430,430,430,430,430,430,430,430,430,430,430,430,430,430,430,430,430,430,430,430
Belarus,203000,203000,203000,203000,203000,203000,203000,203000,203000,203000,203000,203000,203000,203000,203000,203000,203000,203000,203000,203000,203000,203000,203000,203000,203000,203000,203000,203000,203000,203000,203000,203000,203000,203000,203000,203000,203000,203000,203000,203000,203000,203000,203000,203000,203000,203000,203000,203000,203000,203000,203000,203000,203000,203000,203000,203000,203000,203000
Belgium,,,,,,,,,,,,,,,,,,,,,,,,,,,,,,,,,,,,,,,,30300,30300,30300,30300,30300,30300,30300,30300,30300,30300,30300,30300,30300,30300,30300,30300,30300,30300,30300
Belize,22800,22800,22800,22800,22800,22800,22800,22800,22800,22800,22800,22800,22800,22800,22800,22800,22800,22800,22800,22800,22800,22800,22800,22800,22800,22800,22800,22800,22800,22800,22800,22800,22800,22800,22800,22800,22800,22800,22800,22800,22800,22800,22800,22800,22800,22800,22800,22800,22800,22800,22800,22800,22800,22800,22800,22800,22800,22800
Benin,113000,113000,113000,113000,113000,113000,113000,113000,113000,113000,113000,113000,113000,113000,113000,113000,113000,113000,113000,113000,113000,113000,113000,113000,113000,113000,113000,113000,113000,113000,113000,113000,113000,113000,113000,113000,113000,113000,113000,113000,113000,113000,113000,113000,113000,113000,113000,113000,113000,113000,113000,113000,113000,113000,113000,113000,113000,113000
Bhutan,46700,46700,46700,46700,46700,46700,46700,46700,46700,46700,46700,46700,46700,46700,46700,46700,46700,46700,46700,46700,46700,46700,46700,46700,46700,46700,46700,46700,46700,46700,46700,46700,46700,39800,39800,39800,39800,39800,39800,39800,39800,39800,39800,38100,38100,38100,38100,38100,38100,38100,38100,38100,38100,38100,38100,38100,38100,38100
Bolivia,1080000,1080000,1080000,1080000,1080000,1080000,1080000,1080000,1080000,1080000,1080000,1080000,1080000,1080000,1080000,1080000,1080000,1080000,1080000,1080000,1080000,1080000,1080000,1080000,1080000,1080000,1080000,1080000,1080000,1080000,1080000,1080000,1080000,1080000,1080000,1080000,1080000,1080000,1080000,1080000,1080000,1080000,1080000,1080000,1080000,1080000,1080000,1080000,1080000,1080000,1080000,1080000,1080000,1080000,1080000,1080000,1080000,1080000
Bosnia and Herzegovina,51200,51200,51200,51200,51200,51200,51200,51200,51200,51200,51200,51200,51200,51200,51200,51200,51200,51200,51200,51200,51200,51200,51200,51200,51200,51200,51200,51200,51200,51200,51200,51200,51200,51200,51200,51200,51200,51200,51200,51200,51200,51200,51200,51200,51200,51200,51200,51200,51200,51200,51200,51200,51200,51200,51200,51200,51200,51200
Botswana,567000,567000,567000,567000,567000,567000,567000,567000,567000,567000,567000,567000,567000,567000,567000,567000,567000,567000,567000,567000,567000,567000,567000,567000,567000,567000,567000,567000,567000,567000,567000,567000,567000,567000,567000,567000,567000,567000,567000,567000,567000,567000,567000,567000,567000,567000,567000,567000,567000,567000,567000,567000,567000,567000,567000,567000,567000,567000
Brazil,8360000,8360000,8360000,8360000,8360000,8360000,8360000,8360000,8360000,8360000,8360000,8360000,8360000,8360000,8360000,8360000,8360000,8360000,8360000,8360000,8360000,8360000,8360000,8360000,8360000,8360000,8360000,8360000,8360000,8360000,8360000,8360000,8360000,8360000,8360000,8360000,8360000,8360000,8360000,8360000,8360000,8360000,8360000,8360000,8360000,8360000,8360000,8360000,8360000,8360000,8360000,8360000,8360000,8360000,8360000,8360000,8360000,8360000
Brunei,5270,5270,5270,5270,5270,5270,5270,5270,5270,5270,5270,5270,5270,5270,5270,5270,5270,5270,5270,5270,5270,5270,5270,5270,5270,5270,5270,5270,5270,5270,5270,5270,5270,5270,5270,5270,5270,5270,5270,5270,5270,5270,5270,5270,5270,5270,5270,5270,5270,5270,5270,5270,5270,5270,5270,5270,5270,5270
Bulgaria,111000,111000,111000,111000,111000,111000,111000,111000,111000,111000,111000,111000,111000,111000,111000,111000,111000,111000,111000,111000,111000,111000,111000,111000,111000,111000,111000,111000,111000,111000,111000,111000,111000,111000,111000,111000,111000,111000,111000,111000,111000,109000,109000,109000,109000,109000,109000,109000,109000,109000,109000,109000,109000,109000,109000,109000,109000,109000
Burkina Faso,274000,274000,274000,274000,274000,274000,274000,274000,274000,274000,274000,274000,274000,274000,274000,274000,274000,274000,274000,274000,274000,274000,274000,274000,274000,274000,274000,274000,274000,274000,274000,274000,274000,274000,274000,274000,274000,274000,274000,274000,274000,274000,274000,274000,274000,274000,274000,274000,274000,274000,274000,274000,274000,274000,274000,274000,274000,274000
Burundi,25700,25700,25700,25700,25700,25700,25700,25700,25700,25700,25700,25700,25700,25700,25700,25700,25700,25700,25700,25700,25700,25700,25700,25700,25700,25700,25700,25700,25700,25700,25700,25700,25700,25700,25700,25700,25700,25700,25700,25700,25700,25700,25700,25700,25700,25700,25700,25700,25700,25700,25700,25700,25700,25700,25700,25700,25700,25700
Cambodia,177000,177000,177000,177000,177000,177000,177000,177000,177000,177000,177000,177000,177000,177000,177000,177000,177000,177000,177000,177000,177000,177000,177000,177000,177000,177000,177000,177000,177000,177000,177000,177000,177000,177000,177000,177000,177000,177000,177000,177000,177000,177000,177000,177000,177000,177000,177000,177000,177000,177000,177000,177000,177000,177000,177000,177000,177000,177000
Cameroon,473000,473000,473000,473000,473000,473000,473000,473000,473000,473000,473000,473000,473000,473000,473000,473000,473000,473000,473000,473000,473000,473000,473000,473000,473000,473000,473000,473000,473000,473000,473000,473000,473000,473000,473000,473000,473000,473000,473000,473000,473000,473000,473000,473000,473000,473000,473000,473000,473000,473000,473000,473000,473000,473000,473000,473000,473000,473000
Canada,9090000,9090000,9090000,9090000,9090000,9090000,9090000,9090000,9090000,9090000,9090000,9090000,9090000,9090000,9090000,9090000,9090000,9090000,9090000,9090000,9090000,9090000,9090000,9090000,9090000,9090000,9090000,9090000,9090000,9090000,9090000,9090000,9090000,9090000,9090000,9090000,9090000,9090000,9090000,9090000,9090000,9090000,9090000,9090000,9090000,9090000,9090000,9090000,9090000,9090000,9090000,9090000,9090000,9090000,9090000,9090000,9090000,9090000
Cape Verde,4030,4030,4030,4030,4030,4030,4030,4030,4030,4030,4030,4030,4030,4030,4030,4030,4030,4030,4030,4030,4030,4030,4030,4030,4030,4030,4030,4030,4030,4030,4030,4030,4030,4030,4030,4030,4030,4030,4030,4030,4030,4030,4030,4030,4030,4030,4030,4030,4030,4030,4030,4030,4030,4030,4030,4030,4030,4030
Central African Republic,623000,623000,623000,623000,623000,623000,623000,623000,623000,623000,623000,623000,623000,623000,623000,623000,623000,623000,623000,623000,623000,623000,623000,623000,623000,623000,623000,623000,623000,623000,623000,623000,623000,623000,623000,623000,623000,623000,623000,623000,623000,623000,623000,623000,623000,623000,623000,623000,623000,623000,623000,623000,623000,623000,623000,623000,623000,623000
Chad,1260000,1260000,1260000,1260000,1260000,1260000,1260000,1260000,1260000,1260000,1260000,1260000,1260000,1260000,1260000,1260000,1260000,1260000,1260000,1260000,1260000,1260000,1260000,1260000,1260000,1260000,1260000,1260000,1260000,1260000,1260000,1260000,1260000,1260000,1260000,1260000,1260000,1260000,1260000,1260000,1260000,1260000,1260000,1260000,1260000,1260000,1260000,1260000,1260000,1260000,1260000,1260000,1260000,1260000,1260000,1260000,1260000,1260000
Chile,744000,744000,744000,744000,744000,744000,744000,744000,744000,744000,744000,744000,744000,744000,744000,744000,744000,744000,744000,744000,744000,744000,744000,744000,744000,744000,744000,744000,744000,744000,744000,744000,744000,744000,744000,744000,744000,744000,744000,744000,744000,744000,744000,744000,744000,744000,744000,744000,744000,744000,744000,744000,744000,744000,744000,744000,744000,744000
China,9390000,9390000,9390000,9390000,9390000,9390000,9390000,9390000,9390000,9390000,9390000,9390000,9390000,9390000,9390000,9390000,9390000,9390000,9390000,9390000,9390000,9390000,9390000,9390000,9390000,9390000,9390000,9390000,9390000,9390000,9390000,9390000,9390000,9390000,9390000,9390000,9390000,9390000,9390000,9390000,9390000,9390000,9390000,9390000,9390000,9390000,9390000,9390000,9390000,9390000,9390000,9390000,9390000,9390000,9390000,9390000,9390000,9390000
Colombia,1110000,1110000,1110000,1110000,1110000,1110000,1110000,1110000,1110000,1110000,1110000,1110000,1110000,1110000,1110000,1110000,1110000,1110000,1110000,1110000,1110000,1110000,1110000,1110000,1110000,1110000,1110000,1110000,1110000,1110000,1110000,1110000,1110000,1110000,1110000,1110000,1110000,1110000,1110000,1110000,1110000,1110000,1110000,1110000,1110000,1110000,1110000,1110000,1110000,1110000,1110000,1110000,1110000,1110000,1110000,1110000,1110000,1110000
Comoros,1860,1860,1860,1860,1860,1860,1860,1860,1860,1860,1860,1860,1860,1860,1860,1860,1860,1860,1860,1860,1860,1860,1860,1860,1860,1860,1860,1860,1860,1860,1860,1860,1860,1860,1860,1860,1860,1860,1860,1860,1860,1860,1860,1860,1860,1860,1860,1860,1860,1860,1860,1860,1860,1860,1860,1860,1860,1860
"Congo, Dem. Rep.",2270000,2270000,2270000,2270000,2270000,2270000,2270000,2270000,2270000,2270000,2270000,2270000,2270000,2270000,2270000,2270000,2270000,2270000,2270000,2270000,2270000,2270000,2270000,2270000,2270000,2270000,2270000,2270000,2270000,2270000,2270000,2270000,2270000,2270000,2270000,2270000,2270000,2270000,2270000,2270000,2270000,2270000,2270000,2270000,2270000,2270000,2270000,2270000,2270000,2270000,2270000,2270000,2270000,2270000,2270000,2270000,2270000,2270000
"Congo, Rep.",342000,342000,342000,342000,342000,342000,342000,342000,342000,342000,342000,342000,342000,342000,342000,342000,342000,342000,342000,342000,342000,342000,342000,342000,342000,342000,342000,342000,342000,342000,342000,342000,342000,342000,342000,342000,342000,342000,342000,342000,342000,342000,342000,342000,342000,342000,342000,342000,342000,342000,342000,342000,342000,342000,342000,342000,342000,342000
Costa Rica,51100,51100,51100,51100,51100,51100,51100,51100,51100,51100,51100,51100,51100,51100,51100,51100,51100,51100,51100,51100,51100,51100,51100,51100,51100,51100,51100,51100,51100,51100,51100,51100,51100,51100,51100,51100,51100,51100,51100,51100,51100,51100,51100,51100,51100,51100,51100,51100,51100,51100,51100,51100,51100,51100,51100,51100,51100,51100
Cote d'Ivoire,318000,318000,318000,318000,318000,318000,318000,318000,318000,318000,318000,318000,318000,318000,318000,318000,318000,318000,318000,318000,318000,318000,318000,318000,318000,318000,318000,318000,318000,318000,318000,318000,318000,318000,318000,318000,318000,318000,318000,318000,318000,318000,318000,318000,318000,318000,318000,318000,318000,318000,318000,318000,318000,318000,318000,318000,318000,318000
Croatia,55900,55900,55900,55900,55900,55900,55900,55900,55900,55900,55900,55900,55900,55900,55900,55900,55900,55900,55900,55900,55900,55900,55900,55900,55900,55900,55900,55900,55900,55900,55900,55900,55900,55900,55900,56000,56000,55900,55900,55900,55900,55900,55900,56000,56000,56000,56000,56000,56000,56000,56000,56000,56000,56000,56000,56000,56000,56000
Cuba,107000,107000,107000,107000,107000,107000,107000,107000,107000,107000,107000,107000,107000,107000,107000,107000,107000,107000,107000,107000,107000,107000,107000,107000,107000,107000,107000,107000,107000,107000,107000,107000,107000,107000,107000,107000,107000,107000,107000,107000,107000,106000,106000,106000,106000,106000,106000,106000,106000,106000,107000,106000,104000,104000,104000,104000,104000,104000
Cyprus,9240,9240,9240,9240,9240,9240,9240,9240,9240,9240,9240,9240,9240,9240,9240,9240,9240,9240,9240,9240,9240,9240,9240,9240,9240,9240,9240,9240,9240,9240,9240,9240,9240,9240,9240,9240,9240,9240,9240,9240,9240,9240,9240,9240,9240,9240,9240,9240,9240,9240,9240,9240,9240,9240,9240,9240,9240,9240
Czech Republic,77300,77300,77300,77300,77300,77300,77300,77300,77300,77300,77300,77300,77300,77300,77300,77300,77300,77300,77300,77300,77300,77300,77300,77300,77300,77300,77300,77300,77300,77300,77300,77300,77300,77300,77300,77300,77300,77300,77300,77300,77300,77300,77300,77300,77300,77300,77300,77300,77300,77200,77200,77200,77200,77200,77200,77200,77200,77200
Denmark,42400,42400,42400,42400,42400,42400,42400,42400,42400,42400,42400,42400,42400,42400,42400,42400,42400,42400,42400,42400,42400,42400,42400,42400,42400,42400,42400,42400,42400,42400,42400,42400,42400,42400,42400,42400,42400,42400,42400,42400,42400,42400,42400,42400,42400,42400,42400,42400,42400,42400,42400,42000,42000,42000,42000,42000,42000,42000
Djibouti,23200,23200,23200,23200,23200,23200,23200,23200,23200,23200,23200,23200,23200,23200,23200,23200,23200,23200,23200,23200,23200,23200,23200,23200,23200,23200,23200,23200,23200,23200,23200,23200,23200,23200,23200,23200,23200,23200,23200,23200,23200,23200,23200,23200,23200,23200,23200,23200,23200,23200,23200,23200,23200,23200,23200,23200,23200,23200
Dominica,750,750,750,750,750,750,750,750,750,750,750,750,750,750,750,750,750,750,750,750,750,750,750,750,750,750,750,750,750,750,750,750,750,750,750,750,750,750,750,750,750,750,750,750,750,750,750,750,750,750,750,750,750,750,750,750,750,750
Dominican Republic,48300,48300,48300,48300,48300,48300,48300,48300,48300,48300,48300,48300,48300,48300,48300,48300,48300,48300,48300,48300,48300,48300,48300,48300,48300,48300,48300,48300,48300,48300,48300,48300,48300,48300,48300,48300,48300,48300,48300,48300,48300,48300,48300,48300,48300,48300,48300,48300,48300,48300,48300,48300,48300,48300,48300,48300,48300,48300
Ecuador,277000,277000,277000,277000,277000,277000,277000,277000,277000,277000,277000,277000,277000,277000,277000,277000,277000,277000,277000,277000,277000,277000,277000,277000,277000,277000,277000,277000,277000,277000,277000,277000,277000,277000,277000,277000,277000,248000,248000,248000,248000,248000,248000,248000,248000,248000,248000,248000,248000,248000,248000,248000,248000,248000,248000,248000,248000,248000
Egypt,995000,995000,995000,995000,995000,995000,995000,995000,995000,995000,995000,995000,995000,995000,995000,995000,995000,995000,995000,995000,995000,995000,995000,995000,995000,995000,995000,995000,995000,995000,995000,995000,995000,995000,995000,995000,995000,995000,995000,995000,995000,995000,995000,995000,995000,995000,995000,995000,995000,995000,995000,995000,995000,995000,995000,995000,995000,995000
El Salvador,20900,20900,20900,20900,20900,20900,20900,20900,20900,20900,20900,20900,20900,20900,20900,20700,20700,20700,20700,20700,20700,20700,20700,20700,20700,20700,20700,20700,20700,20700,20700,20700,20700,20700,20700,20700,20700,20700,20700,20700,20700,20700,20700,20700,20700,20700,20700,20700,20700,20700,20700,20700,20700,20700,20700,20700,20700,20700
Equatorial Guinea,28100,28100,28100,28100,28100,28100,28100,28100,28100,28100,28100,28100,28100,28100,28100,28100,28100,28100,28100,28100,28100,28100,28100,28100,28100,28100,28100,28100,28100,28100,28100,28100,28100,28100,28100,28100,28100,28100,28100,28100,28100,28100,28100,28100,28100,28100,28100,28100,28100,28100,28100,28100,28100,28100,28100,28100,28100,28100
Eritrea,101000,101000,101000,101000,101000,101000,101000,101000,101000,101000,101000,101000,101000,101000,101000,101000,101000,101000,101000,101000,101000,101000,101000,101000,101000,101000,101000,101000,101000,101000,101000,101000,101000,101000,101000,101000,101000,101000,101000,101000,101000,101000,101000,101000,101000,101000,101000,101000,101000,101000,101000,101000,101000,101000,101000,101000,101000,101000
Estonia,42400,42400,42400,42400,42400,42400,42400,42400,42400,42400,42400,42400,42400,42400,42400,42400,42400,42400,42400,42400,42400,42400,42400,42400,42400,42400,42400,42400,42400,42400,42400,42400,42400,42400,42400,42400,42400,42400,42400,42400,42400,42400,42400,42400,42400,42400,42400,42400,42400,42400,42400,42400,43500,43500,43500,43500,43500,43500
Eswatini,17200,17200,17200,17200,17200,17200,17200,17200,17200,17200,17200,17200,17200,17200,17200,17200,17200,17200,17200,17200,17200,17200,17200,17200,17200,17200,17200,17200,17200,17200,17200,17200,17200,17200,17200,17200,17200,17200,17200,17200,17200,17200,17200,17200,17200,17200,17200,17200,17200,17200,17200,17200,17200,17200,17200,17200,17200,17200
Ethiopia,1000000,1000000,1000000,1000000,1000000,1000000,1000000,1000000,1000000,1000000,1000000,1000000,1000000,1000000,1000000,1000000,1000000,1000000,1000000,1000000,1000000,1000000,1000000,1000000,1000000,1000000,1000000,1000000,1000000,1000000,1000000,1000000,1000000,1000000,1000000,1000000,1000000,1000000,1000000,1000000,1000000,1000000,1000000,1000000,1000000,1000000,1000000,1000000,1000000,1000000,1000000,1000000,1000000,1000000,1000000,1000000,1000000,1000000
Fiji,18300,18300,18300,18300,18300,18300,18300,18300,18300,18300,18300,18300,18300,18300,18300,18300,18300,18300,18300,18300,18300,18300,18300,18300,18300,18300,18300,18300,18300,18300,18300,18300,18300,18300,18300,18300,18300,18300,18300,18300,18300,18300,18300,18300,18300,18300,18300,18300,18300,18300,18300,18300,18300,18300,18300,18300,18300,18300
Finland,305000,305000,305000,305000,305000,305000,305000,305000,305000,305000,305000,305000,305000,305000,305000,305000,305000,305000,305000,305000,305000,305000,305000,305000,305000,305000,305000,305000,305000,305000,305000,305000,305000,305000,305000,305000,305000,305000,305000,305000,305000,305000,305000,305000,305000,304000,304000,304000,304000,304000,304000,304000,304000,304000,304000,304000,304000,304000
France,548000,548000,548000,548000,548000,548000,548000,548000,548000,548000,548000,548000,548000,548000,548000,548000,548000,548000,548000,548000,548000,548000,548000,548000,548000,548000,548000,548000,548000,548000,548000,548000,548000,548000,548000,548000,548000,548000,548000,548000,548000,548000,548000,548000,548000,548000,548000,548000,548000,548000,548000,548000,548000,548000,548000,548000,548000,548000
Gabon,258000,258000,258000,258000,258000,258000,258000,258000,258000,258000,258000,258000,258000,258000,258000,258000,258000,258000,258000,258000,258000,258000,258000,258000,258000,258000,258000,258000,258000,258000,258000,258000,258000,258000,258000,258000,258000,258000,258000,258000,258000,258000,258000,258000,258000,258000,258000,258000,258000,258000,258000,258000,258000,258000,258000,258000,258000,258000
Gambia,10100,10100,10100,10100,10100,10100,10100,10100,10100,10100,10100,10100,10100,10100,10100,10100,10100,10100,10100,10100,10100,10100,10100,10100,10100,10100,10100,10100,10100,10100,10100,10100,10100,10100,10100,10100,10100,10100,10100,10100,10100,10100,10100,10100,10100,10100,10100,10100,10100,10100,10100,10100,10100,10100,10100,10100,10100,10100
Georgia,69500,69500,69500,69500,69500,69500,69500,69500,69500,69500,69500,69500,69500,69500,69500,69500,69500,69500,69500,69500,69500,69500,69500,69500,69500,69500,69500,69500,69500,69500,69500,69500,69500,69500,69500,69500,69500,69500,69500,69500,69500,69500,69500,69500,69500,69500,69500,69500,69500,69500,69500,69500,69500,69500,69500,69500,69500,69500
Germany,349000,349000,349000,349000,349000,349000,349000,349000,349000,349000,349000,349000,349000,349000,349000,349000,349000,349000,349000,349000,349000,349000,349000,349000,349000,349000,349000,349000,349000,349000,349000,349000,349000,349000,349000,349000,349000,349000,349000,349000,349000,349000,349000,349000,349000,349000,349000,349000,349000,349000,349000,349000,349000,349000,349000,349000,349000,349000
Ghana,228000,228000,228000,228000,228000,228000,228000,228000,228000,228000,228000,228000,228000,228000,228000,228000,228000,228000,228000,228000,228000,228000,228000,228000,228000,228000,228000,228000,228000,228000,228000,228000,228000,228000,228000,228000,228000,228000,228000,228000,228000,228000,228000,228000,228000,228000,228000,228000,228000,228000,228000,228000,228000,228000,228000,228000,228000,228000
Greece,129000,129000,129000,129000,129000,129000,129000,129000,129000,129000,129000,129000,129000,129000,129000,129000,129000,129000,129000,129000,129000,129000,129000,129000,129000,129000,129000,129000,129000,129000,129000,129000,129000,129000,129000,129000,129000,129000,129000,129000,129000,129000,129000,129000,129000,129000,129000,129000,129000,129000,129000,129000,129000,129000,129000,129000,129000,129000
Grenada,340,340,340,340,340,340,340,340,340,340,340,340,340,340,340,340,340,340,340,340,340,340,340,340,340,340,340,340,340,340,340,340,340,340,340,340,340,340,340,340,340,340,340,340,340,340,340,340,340,340,340,340,340,340,340,340,340,340
Guatemala,107000,107000,107000,107000,107000,107000,107000,107000,107000,107000,107000,107000,107000,107000,107000,107000,107000,107000,107000,107000,107000,107000,107000,107000,107000,107000,107000,107000,107000,107000,107000,107000,107000,107000,107000,107000,107000,107000,107000,107000,107000,107000,107000,107000,107000,107000,107000,107000,107000,107000,107000,107000,107000,107000,107000,107000,107000,107000
Guinea,246000,246000,246000,246000,246000,246000,246000,246000,246000,246000,246000,246000,246000,246000,246000,246000,246000,246000,246000,246000,246000,246000,246000,246000,246000,246000,246000,246000,246000,246000,246000,246000,246000,246000,246000,246000,246000,246000,246000,246000,246000,246000,246000,246000,246000,246000,246000,246000,246000,246000,246000,246000,246000,246000,246000,246000,246000,246000
Guinea-Bissau,28100,28100,28100,28100,28100,28100,28100,28100,28100,28100,28100,28100,28100,28100,28100,28100,28100,28100,28100,28100,28100,28100,28100,28100,28100,28100,28100,28100,28100,28100,28100,28100,28100,28100,28100,28100,28100,28100,28100,28100,28100,28100,28100,28100,28100,28100,28100,28100,28100,28100,28100,28100,28100,28100,28100,28100,28100,28100
Guyana,197000,197000,197000,197000,197000,197000,197000,197000,197000,197000,197000,197000,197000,197000,197000,197000,197000,197000,197000,197000,197000,197000,197000,197000,197000,197000,197000,197000,197000,197000,197000,197000,197000,197000,197000,197000,197000,197000,197000,197000,197000,197000,197000,197000,197000,197000,197000,197000,197000,197000,197000,197000,197000,197000,197000,197000,197000,197000
Haiti,27600,27600,27600,27600,27600,27600,27600,27600,27600,27600,27600,27600,27600,27600,27600,27600,27600,27600,27600,27600,27600,27600,27600,27600,27600,27600,27600,27600,27600,27600,27600,27600,27600,27600,27600,27600,27600,27600,27600,27600,27600,27600,27600,27600,27600,27600,27600,27600,27600,27600,27600,27600,27600,27600,27600,27600,27600,27600
Honduras,112000,112000,112000,112000,112000,112000,112000,112000,112000,112000,112000,112000,112000,112000,112000,112000,112000,112000,112000,112000,112000,112000,112000,112000,112000,112000,112000,112000,112000,112000,112000,112000,112000,112000,112000,112000,112000,112000,112000,112000,112000,112000,112000,112000,112000,112000,112000,112000,112000,112000,112000,112000,112000,112000,112000,112000,112000,112000
Hungary,90000,90000,90000,90000,90000,90000,90000,90000,90000,90000,90000,90000,90000,90000,90000,90000,90000,90000,89900,89900,89900,89900,89900,89900,89900,89900,89900,89900,89900,89900,89900,89900,89900,89900,89900,89900,89800,89800,89800,89600,89600,89600,89600,89600,89600,89600,89600,89600,90500,90500,90500,90500,90500,90500,90500,90500,90500,90500
Iceland,100000,100000,100000,100000,100000,100000,100000,100000,100000,100000,100000,100000,100000,100000,100000,100000,100000,100000,100000,100000,100000,100000,100000,100000,100000,100000,100000,100000,100000,100000,100000,100000,100000,100000,100000,100000,100000,100000,100000,100000,100000,100000,100000,100000,100000,100000,100000,100000,100000,100000,100000,100000,100000,100000,100000,100000,100000,100000
India,2970000,2970000,2970000,2970000,2970000,2970000,2970000,2970000,2970000,2970000,2970000,2970000,2970000,2970000,2970000,2970000,2970000,2970000,2970000,2970000,2970000,2970000,2970000,2970000,2970000,2970000,2970000,2970000,2970000,2970000,2970000,2970000,2970000,2970000,2970000,2970000,2970000,2970000,2970000,2970000,2970000,2970000,2970000,2970000,2970000,2970000,2970000,2970000,2970000,2970000,2970000,2970000,2970000,2970000,2970000,2970000,2970000,2970000
Indonesia,1810000,1810000,1810000,1810000,1810000,1810000,1810000,1810000,1810000,1810000,1810000,1810000,1810000,1810000,1810000,1810000,1810000,1810000,1810000,1810000,1810000,1810000,1810000,1810000,1810000,1810000,1810000,1810000,1810000,1810000,1810000,1810000,1810000,1810000,1810000,1810000,1810000,1810000,1810000,1810000,1810000,1810000,1810000,1810000,1810000,1810000,1810000,1810000,1810000,1810000,1810000,1810000,1810000,1810000,1810000,1810000,1810000,1810000
Iran,1630000,1630000,1630000,1630000,1630000,1630000,1630000,1630000,1630000,1630000,1630000,1630000,1630000,1630000,1630000,1630000,1630000,1630000,1630000,1630000,1630000,1630000,1630000,1630000,1630000,1630000,1630000,1630000,1630000,1630000,1630000,1630000,1630000,1630000,1630000,1630000,1630000,1630000,1630000,1630000,1630000,1630000,1630000,1630000,1630000,1630000,1630000,1630000,1630000,1630000,1630000,1630000,1630000,1630000,1630000,1630000,1630000,1630000
Iraq,437000,437000,437000,437000,437000,437000,437000,437000,437000,437000,437000,437000,437000,437000,437000,437000,437000,437000,437000,437000,437000,437000,437000,437000,437000,437000,437000,437000,437000,437000,437000,437000,437000,437000,437000,437000,437000,437000,437000,437000,437000,437000,437000,437000,437000,437000,437000,437000,434000,434000,434000,434000,434000,434000,434000,434000,434000,434000
Ireland,68900,68900,68900,68900,68900,68900,68900,68900,68900,68900,68900,68900,68900,68900,68900,68900,68900,68900,68900,68900,68900,68900,68900,68900,68900,68900,68900,68900,68900,68900,68900,68900,68900,68900,68900,68900,68900,68900,68900,68900,68900,68900,68900,68900,68900,68900,68900,68900,68900,68900,68900,68900,68900,68900,68900,68900,68900,68900
Israel,21600,21600,21600,21600,21600,21600,21600,21600,21600,21600,21600,21600,21600,21600,21600,21600,21600,21600,21600,21600,21600,21600,21600,21600,21600,21600,21600,21600,21600,21600,21600,21600,21600,21600,21600,21600,21600,21600,21600,21600,21600,21600,21600,21600,21600,21600,21600,21600,21600,21600,21600,21600,21600,21600,21600,21600,21600,21600
Italy,294000,294000,294000,294000,294000,294000,294000,294000,294000,294000,294000,294000,294000,294000,294000,294000,294000,294000,294000,294000,294000,294000,294000,294000,294000,294000,294000,294000,294000,294000,294000,294000,294000,294000,294000,294000,294000,294000,294000,294000,294000,294000,294000,294000,294000,294000,294000,294000,294000,294000,294000,294000,294000,294000,294000,294000,294000,294000
Jamaica,10800,10800,10800,10800,10800,10800,10800,10800,10800,10800,10800,10800,10800,10800,10800,10800,10800,10800,10800,10800,10800,10800,10800,10800,10800,10800,10800,10800,10800,10800,10800,10800,10800,10800,10800,10800,10800,10800,10800,10800,10800,10800,10800,10800,10800,10800,10800,10800,10800,10800,10800,10800,10800,10800,10800,10800,10800,10800
Japan,367000,367000,367000,367000,367000,367000,367000,367000,367000,367000,367000,367000,367000,367000,367000,367000,366000,366000,366000,366000,366000,366000,366000,365000,365000,365000,365000,365000,365000,365000,365000,365000,365000,365000,365000,365000,365000,365000,365000,365000,365000,365000,365000,365000,365000,365000,365000,365000,365000,365000,365000,365000,365000,365000,365000,365000,365000,365000
Jordan,88200,88200,88200,88200,88200,88200,88200,88200,88200,88200,88200,88200,88200,88200,88200,88200,88200,88200,88200,88200,88200,88200,88200,88200,88200,88200,88200,88200,88200,88200,88200,88200,88200,88200,88200,88200,88200,88200,88200,88200,88200,88200,88200,88200,88200,88200,88200,88200,88800,88800,88800,88800,88800,88800,88800,88800,88800,88800
Kazakhstan,2700000,2700000,2700000,2700000,2700000,2700000,2700000,2700000,2700000,2700000,2700000,2700000,2700000,2700000,2700000,2700000,2700000,2700000,2700000,2700000,2700000,2700000,2700000,2700000,2700000,2700000,2700000,2700000,2700000,2700000,2700000,2700000,2700000,2700000,2700000,2700000,2700000,2700000,2700000,2700000,2700000,2700000,2700000,2700000,2700000,2700000,2700000,2700000,2700000,2700000,2700000,2700000,2700000,2700000,2700000,2700000,2700000,2700000
Kenya,569000,569000,569000,569000,569000,569000,569000,569000,569000,569000,569000,569000,569000,569000,569000,569000,569000,569000,569000,569000,569000,569000,569000,569000,569000,569000,569000,569000,569000,569000,569000,569000,569000,569000,569000,569000,569000,569000,569000,569000,569000,569000,569000,569000,569000,569000,569000,569000,569000,569000,569000,569000,569000,569000,569000,569000,569000,569000
Kiribati,810,810,810,810,810,810,810,810,810,810,810,810,810,810,810,810,810,810,810,810,810,810,810,810,810,810,810,810,810,810,810,810,810,810,810,810,810,810,810,810,810,810,810,810,810,810,810,810,810,810,810,810,810,810,810,810,810,810
Kuwait,17800,17800,17800,17800,17800,17800,17800,17800,17800,17800,17800,17800,17800,17800,17800,17800,17800,17800,17800,17800,17800,17800,17800,17800,17800,17800,17800,17800,17800,17800,17800,17800,17800,17800,17800,17800,17800,17800,17800,17800,17800,17800,17800,17800,17800,17800,17800,17800,17800,17800,17800,17800,17800,17800,17800,17800,17800,17800
Kyrgyz Republic,192000,192000,192000,192000,192000,192000,192000,192000,192000,192000,192000,192000,192000,192000,192000,192000,192000,192000,192000,192000,192000,192000,192000,192000,192000,192000,192000,192000,192000,192000,192000,192000,192000,192000,192000,192000,192000,192000,192000,192000,192000,192000,192000,192000,192000,192000,192000,192000,192000,192000,192000,192000,192000,192000,192000,192000,192000,192000
Lao,231000,231000,231000,231000,231000,231000,231000,231000,231000,231000,231000,231000,231000,231000,231000,231000,231000,231000,231000,231000,231000,231000,231000,231000,231000,231000,231000,231000,231000,231000,231000,231000,231000,231000,231000,231000,231000,231000,231000,231000,231000,231000,231000,231000,231000,231000,231000,231000,231000,231000,231000,231000,231000,231000,231000,231000,231000,231000
Latvia,62200,62200,62200,62200,62200,62200,62200,62200,62200,62200,62200,62200,62200,62200,62200,62200,62200,62200,62200,62200,62200,62200,62200,62200,62200,62200,62200,62200,62200,62200,62200,62200,62200,62200,62200,62200,62200,62200,62200,62200,62200,62200,62200,62200,62200,62200,62200,62200,62200,62200,62200,62200,62200,62200,62200,62200,62200,62200
Lebanon,10200,10200,10200,10200,10200,10200,10200,10200,10200,10200,10200,10200,10200,10200,10200,10200,10200,10200,10200,10200,10200,10200,10200,10200,10200,10200,10200,10200,10200,10200,10200,10200,10200,10200,10200,10200,10200,10200,10200,10200,10200,10200,10200,10200,10200,10200,10200,10200,10200,10200,10200,10200,10200,10200,10200,10200,10200,10200
Lesotho,30400,30400,30400,30400,30400,30400,30400,30400,30400,30400,30400,30400,30400,30400,30400,30400,30400,30400,30400,30400,30400,30400,30400,30400,30400,30400,30400,30400,30400,30400,30400,30400,30400,30400,30400,30400,30400,30400,30400,30400,30400,30400,30400,30400,30400,30400,30400,30400,30400,30400,30400,30400,30400,30400,30400,30400,30400,30400
Liberia,96300,96300,96300,96300,96300,96300,96300,96300,96300,96300,96300,96300,96300,96300,96300,96300,96300,96300,96300,96300,96300,96300,96300,96300,96300,96300,96300,96300,96300,96300,96300,96300,96300,96300,96300,96300,96300,96300,96300,96300,96300,96300,96300,96300,96300,96300,96300,96300,96300,96300,96300,96300,96300,96300,96300,96300,96300,96300
Libya,1760000,1760000,1760000,1760000,1760000,1760000,1760000,1760000,1760000,1760000,1760000,1760000,1760000,1760000,1760000,1760000,1760000,1760000,1760000,1760000,1760000,1760000,1760000,1760000,1760000,1760000,1760000,1760000,1760000,1760000,1760000,1760000,1760000,1760000,1760000,1760000,1760000,1760000,1760000,1760000,1760000,1760000,1760000,1760000,1760000,1760000,1760000,1760000,1760000,1760000,1760000,1760000,1760000,1760000,1760000,1760000,1760000,1760000
Liechtenstein,160,160,160,160,160,160,160,160,160,160,160,160,160,160,160,160,160,160,160,160,160,160,160,160,160,160,160,160,160,160,160,160,160,160,160,160,160,160,160,160,160,160,160,160,160,160,160,160,160,160,160,160,160,160,160,160,160,160
Lithuania,62700,62700,62700,62700,62700,62700,62700,62700,62700,62700,62700,62700,62700,62700,62700,62700,62700,62700,62700,62700,62700,62700,62700,62700,62700,62700,62700,62700,62700,62700,62700,62700,62700,62700,62700,62700,62700,62700,62700,62700,62700,62700,62700,62700,62700,62700,62700,62700,62700,62700,62700,62700,62700,62700,62700,62600,62600,62600
Luxembourg,,,,,,,,,,,,,,,,,,,,,,,,,,,,,,,,,,,,,,,,2430,2430,2430,2430,2430,2430,2430,2430,2430,2430,2430,2430,2430,2430,2430,2430,2430,2430,2430
Madagascar,582000,582000,582000,582000,582000,582000,582000,582000,582000,582000,582000,582000,582000,582000,582000,582000,582000,582000,582000,582000,582000,582000,582000,582000,582000,582000,582000,582000,582000,582000,582000,582000,582000,582000,582000,582000,582000,582000,582000,582000,582000,582000,582000,582000,582000,582000,582000,582000,582000,582000,582000,582000,582000,582000,582000,582000,582000,582000
Malawi,94300,94300,94300,94300,94300,94300,94300,94300,94300,94300,94300,94300,94300,94300,94300,94300,94300,94300,94300,94300,94300,94300,94300,94300,94300,94300,94300,94300,94300,94300,94300,94300,94300,94300,94300,94300,94300,94300,94300,94300,94300,94300,94300,94300,94300,94300,94300,94300,94300,94300,94300,94300,94300,94300,94300,94300,94300,94300
Malaysia,329000,329000,329000,329000,329000,329000,329000,329000,329000,329000,329000,329000,329000,329000,329000,329000,329000,329000,329000,329000,329000,329000,329000,329000,329000,329000,329000,329000,329000,329000,329000,329000,329000,329000,329000,329000,329000,329000,329000,329000,329000,329000,329000,329000,329000,329000,329000,329000,329000,329000,329000,329000,329000,329000,329000,329000,329000,329000
Maldives,300,300,300,300,300,300,300,300,300,300,300,300,300,300,300,300,300,300,300,300,300,300,300,300,300,300,300,300,300,300,300,300,300,300,300,300,300,300,300,300,300,300,300,300,300,300,300,300,300,300,300,300,300,300,300,300,300,300
Mali,1220000,1220000,1220000,1220000,1220000,1220000,1220000,1220000,1220000,1220000,1220000,1220000,1220000,1220000,1220000,1220000,1220000,1220000,1220000,1220000,1220000,1220000,1220000,1220000,1220000,1220000,1220000,1220000,1220000,1220000,1220000,1220000,1220000,1220000,1220000,1220000,1220000,1220000,1220000,1220000,1220000,1220000,1220000,1220000,1220000,1220000,1220000,1220000,1220000,1220000,1220000,1220000,1220000,1220000,1220000,1220000,1220000,1220000
Malta,320,320,320,320,320,320,320,320,320,320,320,320,320,320,320,320,320,320,320,320,320,320,320,320,320,320,320,320,320,320,320,320,320,320,320,320,320,320,320,320,320,320,320,320,320,320,320,320,320,320,320,320,320,320,320,320,320,320
Marshall Islands,,,,,,,,,,,,,,,,,,,,,,,,,,,,,,,180,180,180,180,180,180,180,180,180,180,180,180,180,180,180,180,180,180,180,180,180,180,180,180,180,180,180,180
Mauritania,1030000,1030000,1030000,1030000,1030000,1030000,1030000,1030000,1030000,1030000,1030000,1030000,1030000,1030000,1030000,1030000,1030000,1030000,1030000,1030000,1030000,1030000,1030000,1030000,1030000,1030000,1030000,1030000,1030000,1030000,1030000,1030000,1030000,1030000,1030000,1030000,1030000,1030000,1030000,1030000,1030000,1030000,1030000,1030000,1030000,1030000,1030000,1030000,1030000,1030000,1030000,1030000,1030000,1030000,1030000,1030000,1030000,1030000
Mauritius,2030,2030,2030,2030,2030,2030,2030,2030,2030,2030,2030,2030,2030,2030,2030,2030,2030,2030,2030,2030,2030,2030,2030,2030,2030,2030,2030,2030,2030,2030,2030,2030,2030,2030,2030,2030,2030,2030,2030,2030,2030,2030,2030,2030,2030,2030,2030,2030,2030,2030,2030,2030,2030,2030,2030,2030,2030,2030
Mexico,1940000,1940000,1940000,1940000,1940000,1940000,1940000,1940000,1940000,1940000,1940000,1940000,1940000,1940000,1940000,1940000,1940000,1940000,1940000,1940000,1940000,1940000,1940000,1940000,1940000,1940000,1940000,1940000,1940000,1940000,1940000,1940000,1940000,1940000,1940000,1940000,1940000,1940000,1940000,1940000,1940000,1940000,1940000,1940000,1940000,1940000,1940000,1940000,1940000,1940000,1940000,1940000,1940000,1940000,1940000,1940000,1940000,1940000
"Micronesia, Fed. Sts.",,,,,,,,,,,,,,,,,,,,,,,,,,,,,,,700,700,700,700,700,700,700,700,700,700,700,700,700,700,700,700,700,700,700,700,700,700,700,700,700,700,700,700
Moldova,32900,32900,32900,32900,32900,32900,32900,32900,32900,32900,32900,32900,32900,32900,32900,32900,32900,32900,32900,32900,32900,32900,32900,32900,32900,32900,32900,32900,32900,32900,32900,32900,33000,32900,32900,32900,32900,32900,32900,32900,32900,32900,32900,32900,32900,32900,32900,32900,32900,32900,32900,32900,32900,32900,32900,32900,32900,32900
Monaco,2,2,2,2,2,2,2,2,2,2,2,2,2,2,2,2,2,2,2,2,2,2,2,2,2,2,2,2,2,2,2,2,2,2,2,2,2,2,2,2,2,2,2,2,2,2,2,2,2,2,2,2,2,2,2,2,2,
Mongolia,1550000,1550000,1550000,1550000,1550000,1550000,1550000,1550000,1550000,1550000,1550000,1550000,1550000,1550000,1550000,1550000,1550000,1550000,1550000,1550000,1550000,1550000,1550000,1550000,1550000,1550000,1550000,1550000,1550000,1550000,1550000,1550000,1550000,1550000,1550000,1550000,1550000,1550000,1550000,1550000,1550000,1550000,1550000,1550000,1550000,1550000,1550000,1550000,1550000,1550000,1550000,1550000,1550000,1550000,1550000,1550000,1550000,1550000
Montenegro,13500,13500,13500,13500,13500,13500,13500,13500,13500,13500,13500,13500,13500,13500,13500,13500,13500,13500,13500,13500,13500,13500,13500,13500,13500,13500,13500,13500,13500,13500,13500,13500,13500,13500,13500,13500,13500,13500,13500,13500,13500,13500,13500,13500,13500,13500,13500,13500,13500,13500,13500,13500,13500,13500,13500,13500,13500,13500
Morocco,446000,446000,446000,446000,446000,446000,446000,446000,446000,446000,446000,446000,446000,446000,446000,446000,446000,446000,446000,446000,446000,446000,446000,446000,446000,446000,446000,446000,446000,446000,446000,446000,446000,446000,446000,446000,446000,446000,446000,446000,446000,446000,446000,446000,446000,446000,446000,446000,446000,446000,446000,446000,446000,446000,446000,446000,446000,446000
Mozambique,786000,786000,786000,786000,786000,786000,786000,786000,786000,786000,786000,786000,786000,786000,786000,786000,786000,786000,786000,786000,786000,786000,786000,786000,786000,786000,786000,786000,786000,786000,786000,786000,786000,786000,786000,786000,786000,786000,786000,786000,786000,786000,786000,786000,786000,786000,786000,786000,786000,786000,786000,786000,786000,786000,786000,786000,786000,786000
Myanmar,654000,654000,654000,654000,654000,654000,654000,654000,654000,654000,654000,654000,654000,654000,654000,654000,654000,654000,654000,654000,654000,654000,654000,654000,654000,654000,654000,654000,654000,654000,654000,654000,654000,654000,654000,654000,654000,654000,654000,654000,654000,654000,654000,653000,653000,653000,654000,653000,653000,653000,653000,653000,653000,653000,653000,653000,653000,653000
Namibia,823000,823000,823000,823000,823000,823000,823000,823000,823000,823000,823000,823000,823000,823000,823000,823000,823000,823000,823000,823000,823000,823000,823000,823000,823000,823000,823000,823000,823000,823000,823000,823000,823000,823000,823000,823000,823000,823000,823000,823000,823000,823000,823000,823000,823000,823000,823000,823000,823000,823000,823000,823000,823000,823000,823000,823000,823000,823000
Nauru,20,20,20,20,20,20,20,20,20,20,20,20,20,20,20,20,20,20,20,20,20,20,20,20,20,20,20,20,20,20,20,20,20,20,20,20,20,20,20,20,20,20,20,20,20,20,20,20,20,20,20,20,20,20,20,20,20,20
Nepal,143000,143000,143000,143000,143000,143000,143000,143000,143000,143000,143000,143000,143000,143000,143000,143000,143000,143000,143000,143000,143000,143000,143000,143000,143000,143000,143000,143000,143000,143000,143000,143000,143000,143000,143000,143000,143000,143000,143000,143000,143000,143000,143000,143000,143000,143000,143000,143000,143000,143000,143000,143000,143000,143000,143000,143000,143000,143000
Netherlands,33800,33800,33800,33800,33800,33800,33800,33800,33800,33800,33800,33800,33800,33800,33800,33800,33800,33800,33800,33800,33800,33800,33800,33800,33800,33800,33800,33800,33800,33800,33800,33800,33800,33800,33800,33800,33800,33800,33800,33800,33800,33800,33800,33800,33800,33800,33800,33800,33700,33700,33700,33700,33700,33700,33700,33700,33700,33700
New Zealand,263000,263000,263000,263000,263000,263000,263000,263000,263000,263000,263000,263000,263000,263000,263000,263000,263000,263000,263000,263000,263000,263000,263000,263000,263000,263000,263000,263000,263000,263000,263000,263000,263000,263000,263000,263000,263000,263000,263000,263000,263000,263000,263000,263000,263000,263000,263000,263000,263000,263000,263000,263000,263000,263000,263000,263000,263000,263000
Nicaragua,120000,120000,120000,120000,120000,120000,120000,120000,120000,120000,120000,120000,120000,120000,120000,120000,120000,120000,120000,120000,120000,120000,120000,120000,120000,120000,120000,120000,120000,120000,120000,120000,120000,120000,120000,120000,120000,120000,120000,120000,120000,120000,120000,120000,120000,120000,120000,120000,120000,120000,120000,120000,120000,120000,120000,120000,120000,120000
Niger,1270000,1270000,1270000,1270000,1270000,1270000,1270000,1270000,1270000,1270000,1270000,1270000,1270000,1270000,1270000,1270000,1270000,1270000,1270000,1270000,1270000,1270000,1270000,1270000,1270000,1270000,1270000,1270000,1270000,1270000,1270000,1270000,1270000,1270000,1270000,1270000,1270000,1270000,1270000,1270000,1270000,1270000,1270000,1270000,1270000,1270000,1270000,1270000,1270000,1270000,1270000,1270000,1270000,1270000,1270000,1270000,1270000,1270000
Nigeria,911000,911000,911000,911000,911000,911000,911000,911000,911000,911000,911000,911000,911000,911000,911000,911000,911000,911000,911000,911000,911000,911000,911000,911000,911000,911000,911000,911000,911000,911000,911000,911000,911000,911000,911000,911000,911000,911000,911000,911000,911000,911000,911000,911000,911000,911000,911000,911000,911000,911000,911000,911000,911000,911000,911000,911000,911000,911000
North Korea,120000,120000,120000,120000,120000,120000,120000,120000,120000,120000,120000,120000,120000,120000,120000,120000,120000,120000,120000,120000,120000,120000,120000,120000,120000,120000,120000,120000,120000,120000,120000,120000,120000,120000,120000,120000,120000,120000,120000,120000,120000,120000,120000,120000,120000,120000,120000,120000,120000,120000,120000,120000,120000,120000,120000,120000,120000,120000
North Macedonia,25400,25400,25400,25400,25400,25400,25400,25400,25400,25400,25400,25400,25400,25400,25400,25400,25400,25400,25400,25400,25400,25400,25400,25400,25400,25400,25400,25400,25400,25400,25400,25400,25400,25400,25400,25400,25400,25400,25400,25400,25400,25400,25400,25400,25400,25400,25200,25200,25200,25200,25200,25200,25200,25200,25200,25200,25200,25200
Norway,365000,365000,365000,365000,365000,365000,365000,365000,365000,365000,365000,365000,365000,365000,365000,365000,365000,365000,365000,365000,365000,365000,365000,365000,365000,365000,365000,365000,365000,365000,365000,365000,365000,365000,365000,365000,365000,365000,365000,365000,365000,365000,365000,365000,365000,365000,365000,365000,365000,365000,365000,365000,365000,365000,365000,365000,365000,365000
Oman,310000,310000,310000,310000,310000,310000,310000,310000,310000,310000,310000,310000,310000,310000,310000,310000,310000,310000,310000,310000,310000,310000,310000,310000,310000,310000,310000,310000,310000,310000,310000,310000,310000,310000,310000,310000,310000,310000,310000,310000,310000,310000,310000,310000,310000,310000,310000,310000,310000,310000,310000,310000,310000,310000,310000,310000,310000,310000
Pakistan,771000,771000,771000,771000,771000,771000,771000,771000,771000,771000,771000,771000,771000,771000,771000,771000,771000,771000,771000,771000,771000,771000,771000,771000,771000,771000,771000,771000,771000,771000,771000,771000,771000,771000,771000,771000,771000,771000,771000,771000,771000,771000,771000,771000,771000,771000,771000,771000,771000,771000,771000,771000,771000,771000,771000,771000,771000,771000
Palau,,,,,,,,,,,,,,,,,,,,,,,,,,,,,,,460,460,460,460,460,460,460,460,460,460,460,460,460,460,460,460,460,460,460,460,460,460,460,460,460,460,460,460
Palestine,6020,6020,6020,6020,6020,6020,6020,6020,6020,6020,6020,6020,6020,6020,6020,6020,6020,6020,6020,6020,6020,6020,6020,6020,6020,6020,6020,6020,6020,6020,6020,6020,6020,6020,6020,6020,6020,6020,6020,6020,6020,6020,6020,6020,6020,6020,6020,6020,6020,6020,6020,6020,6020,6020,6020,6020,6020,6020
Panama,74300,74300,74300,74300,74300,74300,74300,74300,74300,74300,74300,74300,74300,74300,74300,74300,74300,74300,74300,74300,74300,74300,74300,74300,74300,74300,74300,74300,74300,74300,74300,74300,74300,74300,74300,74300,74300,74300,74300,74300,74300,74300,74300,74300,74300,74300,74300,74300,74300,74300,74300,74300,74300,74300,74300,74300,74300,74300
Papua New Guinea,453000,453000,453000,453000,453000,453000,453000,453000,453000,453000,453000,453000,453000,453000,453000,453000,453000,453000,453000,453000,453000,453000,453000,453000,453000,453000,453000,453000,453000,453000,453000,453000,453000,453000,453000,453000,453000,453000,453000,453000,453000,453000,453000,453000,453000,453000,453000,453000,453000,453000,453000,453000,453000,453000,453000,453000,453000,453000
Paraguay,397000,397000,397000,397000,397000,397000,397000,397000,397000,397000,397000,397000,397000,397000,397000,397000,397000,397000,397000,397000,397000,397000,397000,397000,397000,397000,397000,397000,397000,397000,397000,397000,397000,397000,397000,397000,397000,397000,397000,397000,397000,397000,397000,397000,397000,397000,397000,397000,397000,397000,397000,397000,397000,397000,397000,397000,397000,397000
Peru,1280000,1280000,1280000,1280000,1280000,1280000,1280000,1280000,1280000,1280000,1280000,1280000,1280000,1280000,1280000,1280000,1280000,1280000,1280000,1280000,1280000,1280000,1280000,1280000,1280000,1280000,1280000,1280000,1280000,1280000,1280000,1280000,1280000,1280000,1280000,1280000,1280000,1280000,1280000,1280000,1280000,1280000,1280000,1280000,1280000,1280000,1280000,1280000,1280000,1280000,1280000,1280000,1280000,1280000,1280000,1280000,1280000,1280000
Philippines,298000,298000,298000,298000,298000,298000,298000,298000,298000,298000,298000,298000,298000,298000,298000,298000,298000,298000,298000,298000,298000,298000,298000,298000,298000,298000,298000,298000,298000,298000,298000,298000,298000,298000,298000,298000,298000,298000,298000,298000,298000,298000,298000,298000,298000,298000,298000,298000,298000,298000,298000,298000,298000,298000,298000,298000,298000,298000
Poland,306000,306000,306000,306000,306000,306000,306000,306000,306000,306000,306000,306000,306000,306000,306000,306000,306000,306000,306000,306000,306000,306000,306000,306000,306000,306000,306000,306000,306000,306000,306000,306000,306000,306000,306000,306000,306000,306000,306000,306000,306000,306000,306000,306000,306000,306000,306000,306000,306000,306000,306000,306000,306000,306000,306000,306000,306000,306000
Portugal,91500,91500,91500,91500,91500,91500,91500,91500,91500,91500,91500,91500,91500,91500,91500,91500,91500,91500,91500,91500,91500,91500,91500,91500,91500,91500,91500,91500,91500,91500,91500,91500,91500,91500,91500,91500,91500,91500,91500,91500,91500,91500,91500,91500,91500,91500,91500,91500,91600,91600,91600,91600,91600,91600,91600,91600,91600,91600
Qatar,11600,11600,11600,11600,11600,11600,11600,11600,11600,11600,11600,11600,11600,11600,11600,11600,11600,11600,11600,11600,11600,11600,11600,11600,11600,11600,11600,11600,11600,11600,11600,11600,11600,11600,11600,11600,11600,11600,11600,11600,11600,11600,11600,11600,11600,11600,11600,11600,11600,11600,11600,11600,11600,11600,11600,11600,11600,11600
Romania,230000,230000,230000,230000,230000,230000,230000,230000,230000,230000,230000,230000,230000,230000,230000,230000,230000,230000,230000,230000,230000,230000,230000,230000,230000,230000,230000,230000,229000,229000,229000,229000,229000,230000,229000,230000,230000,230000,230000,230000,230000,230000,230000,230000,230000,230000,230000,230000,230000,230000,230000,230000,230000,230000,230000,230000,230000,230000
Russia,16400000,16400000,16400000,16400000,16400000,16400000,16400000,16400000,16400000,16400000,16400000,16400000,16400000,16400000,16400000,16400000,16400000,16400000,16400000,16400000,16400000,16400000,16400000,16400000,16400000,16400000,16400000,16400000,16400000,16400000,16400000,16400000,16400000,16400000,16400000,16400000,16400000,16400000,16400000,16400000,16400000,16400000,16400000,16400000,16400000,16400000,16400000,16400000,16400000,16400000,16400000,16400000,16400000,16400000,16400000,16400000,16400000,16400000
Rwanda,24700,24700,24700,24700,24700,24700,24700,24700,24700,24700,24700,24700,24700,24700,24700,24700,24700,24700,24700,24700,24700,24700,24700,24700,24700,24700,24700,24700,24700,24700,24700,24700,24700,24700,24700,24700,24700,24700,24700,24700,24700,24700,24700,24700,24700,24700,24700,24700,24700,24700,24700,24700,24700,24700,24700,24700,24700,24700
Samoa,2830,2830,2830,2830,2830,2830,2830,2830,2830,2830,2830,2830,2830,2830,2830,2830,2830,2830,2830,2830,2830,2830,2830,2830,2830,2830,2830,2830,2830,2830,2830,2830,2830,2830,2830,2830,2830,2830,2830,2830,2830,2830,2830,2830,2830,2830,2830,2830,2830,2830,2830,2830,2830,2830,2830,2830,2830,2830
San Marino,60,60,60,60,60,60,60,60,60,60,60,60,60,60,60,60,60,60,60,60,60,60,60,60,60,60,60,60,60,60,60,60,60,60,60,60,60,60,60,60,60,60,60,60,60,60,60,60,60,60,60,60,60,60,60,60,60,60
Sao Tome and Principe,960,960,960,960,960,960,960,960,960,960,960,960,960,960,960,960,960,960,960,960,960,960,960,960,960,960,960,960,960,960,960,960,960,960,960,960,960,960,960,960,960,960,960,960,960,960,960,960,960,960,960,960,960,960,960,960,960,960
Saudi Arabia,2150000,2150000,2150000,2150000,2150000,2150000,2150000,2150000,2150000,2150000,2150000,2150000,2150000,2150000,2150000,2150000,2150000,2150000,2150000,2150000,2150000,2150000,2150000,2150000,2150000,2150000,2150000,2150000,2150000,2150000,2150000,2150000,2150000,2150000,2150000,2150000,2150000,2150000,2150000,2150000,2150000,2150000,2150000,2150000,2150000,2150000,2150000,2150000,2150000,2150000,2150000,2150000,2150000,2150000,2150000,2150000,2150000,2150000
Senegal,193000,193000,193000,193000,193000,193000,193000,193000,193000,193000,193000,193000,193000,193000,193000,193000,193000,193000,193000,193000,193000,193000,193000,193000,193000,193000,193000,193000,193000,193000,193000,193000,193000,193000,193000,193000,193000,193000,193000,193000,193000,193000,193000,193000,193000,193000,193000,193000,193000,193000,193000,193000,193000,193000,193000,193000,193000,193000
Serbia,87500,87500,87500,87500,87500,87500,87500,87500,87500,87500,87500,87500,87500,87500,87500,87500,87500,87500,87500,87500,87500,87500,87500,87500,87500,87500,87500,87500,87500,87500,87500,87500,87500,87500,87500,87500,87500,87500,87500,87500,87500,87500,87500,87500,87500,87500,87500,87500,87500,87500,87500,87500,87500,87500,87500,87500,87500,87500
Seychelles,460,460,460,460,460,460,460,460,460,460,460,460,460,460,460,460,460,460,460,460,460,460,460,460,460,460,460,460,460,460,460,460,460,460,460,460,460,460,460,460,460,460,460,460,460,460,460,460,460,460,460,460,460,460,460,460,460,460
Sierra Leone,72200,72200,72200,72200,72200,72200,72200,72200,72200,72200,72200,72200,72200,72200,72200,72200,72200,72200,72200,72200,72200,72200,72200,72200,72200,72200,72200,72200,72200,72200,72200,72200,72200,72200,72200,72200,72200,72200,72200,72200,72200,72200,72200,72200,72200,72200,72200,72200,72200,72200,72200,72200,72200,72200,72200,72200,72200,72200
Singapore,670,670,670,670,670,670,670,670,670,670,670,670,670,670,670,670,670,670,670,670,670,670,670,670,670,670,670,670,670,670,670,670,670,670,670,670,670,670,670,670,670,675,687,689,689,694,695,700,700,702,704,706,707,709,709,709,709,709
Slovak Republic,48100,48100,48100,48100,48100,48100,48100,48100,48100,48100,48100,48100,48100,48100,48100,48100,48100,48100,48100,48100,48100,48100,48100,48100,48100,48100,48100,48100,48100,48100,48100,48100,48100,48100,48100,48100,48100,48100,48100,48100,48100,48100,48100,48100,48100,48100,48100,48100,48100,48100,48100,48100,48100,48100,48100,48100,48100,48100
Slovenia,20100,20100,20100,20100,20100,20100,20100,20100,20100,20100,20100,20100,20100,20100,20100,20100,20100,20100,20100,20100,20100,20100,20100,20100,20100,20100,20100,20100,20100,20100,20100,20100,20100,20100,20100,20100,20100,20100,20100,20100,20100,20100,20100,20100,20100,20100,20100,20100,20100,20100,20100,20100,20100,20100,20100,20100,20100,20100
Solomon Islands,28000,28000,28000,28000,28000,28000,28000,28000,28000,28000,28000,28000,28000,28000,28000,28000,28000,28000,28000,28000,28000,28000,28000,28000,28000,28000,28000,28000,28000,28000,28000,28000,28000,28000,28000,28000,28000,28000,28000,28000,28000,28000,28000,28000,28000,28000,28000,28000,28000,28000,28000,28000,28000,28000,28000,28000,28000,28000
Somalia,627000,627000,627000,627000,627000,627000,627000,627000,627000,627000,627000,627000,627000,627000,627000,627000,627000,627000,627000,627000,627000,627000,627000,627000,627000,627000,627000,627000,627000,627000,627000,627000,627000,627000,627000,627000,627000,627000,627000,627000,627000,627000,627000,627000,627000,627000,627000,627000,627000,627000,627000,627000,627000,627000,627000,627000,627000,627000
South Africa,1210000,1210000,1210000,1210000,1210000,1210000,1210000,1210000,1210000,1210000,1210000,1210000,1210000,1210000,1210000,1210000,1210000,1210000,1210000,1210000,1210000,1210000,1210000,1210000,1210000,1210000,1210000,1210000,1210000,1210000,1210000,1210000,1210000,1210000,1210000,1210000,1210000,1210000,1210000,1210000,1210000,1210000,1210000,1210000,1210000,1210000,1210000,1210000,1210000,1210000,1210000,1210000,1210000,1210000,1210000,1210000,1210000,1210000
South Korea,96500,96500,96500,96500,96500,96500,96500,96500,96500,96500,96500,96500,96500,96500,96500,96500,96500,96500,96500,96500,96500,96500,96500,96500,96500,96500,96500,96500,96500,96500,96500,96500,96500,96500,96500,96500,96500,96500,96500,96500,96700,96800,96800,96800,96900,96900,96900,97000,97100,97200,97200,97300,97400,97400,97400,97500,97500,97500
Spain,500000,500000,500000,500000,500000,500000,500000,500000,500000,500000,500000,500000,500000,500000,500000,500000,500000,500000,500000,499000,499000,499000,499000,499000,499000,499000,499000,499000,499000,499000,499000,499000,499000,499000,499000,499000,499000,499000,499000,499000,499000,499000,499000,499000,499000,499000,499000,499000,499000,500000,500000,500000,500000,500000,500000,500000,500000,500000
Sri Lanka,62700,62700,62700,62700,62700,62700,62700,62700,62700,62700,62700,62700,62700,62700,62700,62700,62700,62700,62700,62700,62700,62700,62700,62700,62700,62700,62700,62700,62700,62700,62700,62700,62700,62700,62700,62700,62700,62700,62700,62700,62700,62700,62700,62700,62700,62700,62700,62700,62700,62700,62700,62700,62700,62700,62700,62700,62700,62700
St. Kitts and Nevis,350,350,350,350,350,350,350,350,350,350,350,350,350,350,350,350,350,350,350,260,260,260,260,260,260,260,260,260,260,260,260,260,260,260,260,260,260,260,260,260,260,260,260,260,260,260,260,260,260,260,260,260,260,260,260,260,260,260
St. Lucia,610,610,610,610,610,610,610,610,610,610,610,610,610,610,610,610,610,610,610,610,610,610,610,610,610,610,610,610,610,610,610,610,610,610,610,610,610,610,610,610,610,610,610,610,610,610,610,610,610,610,610,610,610,610,610,610,610,610
St. Vincent and the Grenadines,390,390,390,390,390,390,390,390,390,390,390,390,390,390,390,390,390,390,390,390,390,390,390,390,390,390,390,390,390,390,390,390,390,390,390,390,390,390,390,390,390,390,390,390,390,390,390,390,390,390,390,390,390,390,390,390,390,390
Suriname,156000,156000,156000,156000,156000,156000,156000,156000,156000,156000,156000,156000,156000,156000,156000,156000,156000,156000,156000,156000,156000,156000,156000,156000,156000,156000,156000,156000,156000,156000,156000,156000,156000,156000,156000,156000,156000,156000,156000,156000,156000,156000,156000,156000,156000,156000,156000,156000,156000,156000,156000,156000,156000,156000,156000,156000,156000,156000
Sweden,410000,410000,410000,410000,410000,410000,410000,410000,410000,410000,410000,410000,410000,410000,410000,410000,410000,410000,410000,410000,410000,410000,410000,410000,410000,410000,410000,410000,410000,410000,410000,410000,410000,410000,410000,410000,410000,410000,410000,410000,410000,410000,410000,410000,410000,410000,410000,410000,410000,410000,410000,407000,407000,407000,407000,407000,407000,407000
Switzerland,39500,39500,39500,39500,39500,39500,39500,39500,39500,39500,39500,39500,39500,39500,39500,39500,39500,39500,39500,39500,39500,39500,39500,39500,39500,39500,39500,39500,39500,39500,39500,39500,39500,39500,39500,39500,39500,39500,39500,39500,39500,39500,39500,39500,39500,39500,39500,39500,39500,39500,39500,39500,39500,39500,39500,39500,39500,39500
Syria,184000,184000,184000,184000,184000,184000,184000,184000,184000,184000,184000,184000,184000,184000,184000,184000,184000,184000,184000,184000,184000,184000,184000,184000,184000,184000,184000,184000,184000,184000,184000,184000,184000,184000,184000,184000,184000,184000,184000,184000,184000,184000,184000,184000,184000,184000,184000,184000,184000,184000,184000,184000,184000,184000,184000,184000,184000,184000
Tajikistan,140000,140000,140000,140000,140000,140000,140000,140000,140000,140000,140000,140000,140000,140000,140000,140000,140000,140000,140000,140000,140000,140000,140000,140000,140000,140000,140000,140000,140000,140000,140000,140000,140000,140000,140000,140000,140000,140000,140000,140000,140000,140000,140000,140000,140000,140000,140000,140000,140000,140000,140000,140000,140000,139000,139000,139000,139000,139000
Tanzania,886000,886000,886000,886000,886000,886000,886000,886000,886000,886000,886000,886000,886000,886000,886000,886000,886000,886000,886000,886000,886000,886000,886000,886000,886000,886000,886000,886000,886000,886000,886000,886000,886000,886000,886000,886000,886000,886000,886000,886000,886000,886000,886000,886000,886000,886000,886000,886000,886000,886000,886000,886000,886000,886000,886000,886000,886000,886000
Thailand,511000,511000,511000,511000,511000,511000,511000,511000,511000,511000,511000,511000,511000,511000,511000,511000,511000,511000,511000,511000,511000,511000,511000,511000,511000,511000,511000,511000,511000,511000,511000,511000,511000,511000,511000,511000,511000,511000,511000,511000,511000,511000,511000,511000,511000,511000,511000,511000,511000,511000,511000,511000,511000,511000,511000,511000,511000,511000
Timor-Leste,14900,14900,14900,14900,14900,14900,14900,14900,14900,14900,14900,14900,14900,14900,14900,14900,14900,14900,14900,14900,14900,14900,14900,14900,14900,14900,14900,14900,14900,14900,14900,14900,14900,14900,14900,14900,14900,14900,14900,14900,14900,14900,14900,14900,14900,14900,14900,14900,14900,14900,14900,14900,14900,14900,14900,14900,14900,14900
Togo,54400,54400,54400,54400,54400,54400,54400,54400,54400,54400,54400,54400,54400,54400,54400,54400,54400,54400,54400,54400,54400,54400,54400,54400,54400,54400,54400,54400,54400,54400,54400,54400,54400,54400,54400,54400,54400,54400,54400,54400,54400,54400,54400,54400,54400,54400,54400,54400,54400,54400,54400,54400,54400,54400,54400,54400,54400,54400
Tonga,720,720,720,720,720,720,720,720,720,720,720,720,720,720,720,720,720,720,720,720,720,720,720,720,720,720,720,720,720,720,720,720,720,720,720,720,720,720,720,720,720,720,720,720,720,720,720,720,720,720,720,720,720,720,720,720,720,720
Trinidad and Tobago,5130,5130,5130,5130,5130,5130,5130,5130,5130,5130,5130,5130,5130,5130,5130,5130,5130,5130,5130,5130,5130,5130,5130,5130,5130,5130,5130,5130,5130,5130,5130,5130,5130,5130,5130,5130,5130,5130,5130,5130,5130,5130,5130,5130,5130,5130,5130,5130,5130,5130,5130,5130,5130,5130,5130,5130,5130,5130
Tunisia,155000,155000,155000,155000,155000,155000,155000,155000,155000,155000,155000,155000,155000,155000,155000,155000,155000,155000,155000,155000,155000,155000,155000,155000,155000,155000,155000,155000,155000,155000,155000,155000,155000,155000,155000,155000,155000,155000,155000,155000,155000,155000,155000,155000,155000,155000,155000,155000,155000,155000,155000,155000,155000,155000,155000,155000,155000,155000
Turkey,770000,770000,770000,770000,770000,770000,770000,770000,770000,770000,770000,770000,770000,770000,770000,770000,770000,770000,770000,770000,770000,770000,770000,770000,770000,770000,770000,770000,770000,770000,770000,770000,770000,770000,770000,770000,770000,770000,770000,770000,770000,770000,770000,770000,770000,770000,770000,770000,770000,770000,770000,770000,770000,770000,770000,770000,770000,770000
Turkmenistan,470000,470000,470000,470000,470000,470000,470000,470000,470000,470000,470000,470000,470000,470000,470000,470000,470000,470000,470000,470000,470000,470000,470000,470000,470000,470000,470000,470000,470000,470000,470000,470000,470000,470000,470000,470000,470000,470000,470000,470000,470000,470000,470000,470000,470000,470000,470000,470000,470000,470000,470000,470000,470000,470000,470000,470000,470000,470000
Tuvalu,30,30,30,30,30,30,30,30,30,30,30,30,30,30,30,30,30,30,30,30,30,30,30,30,30,30,30,30,30,30,30,30,30,30,30,30,30,30,30,30,30,30,30,30,30,30,30,30,30,30,30,30,30,30,30,30,30,30
Uganda,200000,200000,200000,200000,200000,200000,200000,200000,200000,200000,200000,200000,200000,200000,200000,200000,200000,200000,200000,200000,200000,200000,200000,200000,200000,200000,200000,200000,200000,200000,200000,200000,200000,200000,200000,200000,200000,200000,200000,200000,200000,200000,200000,200000,200000,200000,200000,200000,200000,201000,201000,201000,201000,201000,201000,201000,201000,201000
Ukraine,579000,579000,579000,579000,579000,579000,579000,579000,579000,579000,579000,579000,579000,579000,579000,579000,579000,579000,579000,579000,579000,579000,579000,579000,579000,579000,579000,579000,579000,579000,579000,579000,579000,579000,579000,579000,579000,579000,579000,579000,579000,579000,579000,579000,579000,579000,579000,579000,579000,579000,579000,579000,579000,579000,579000,579000,579000,579000
United Arab Emirates,71000,71000,71000,71000,71000,71000,71000,71000,71000,71000,71000,71000,71000,71000,71000,71000,71000,71000,71000,71000,71000,71000,71000,71000,71000,71000,71000,71000,71000,71000,71000,71000,71000,71000,71000,71000,71000,71000,71000,71000,71000,71000,71000,71000,71000,71000,71000,71000,71000,71000,71000,71000,71000,71000,71000,71000,71000,71000
United Kingdom,242000,242000,242000,242000,242000,242000,242000,242000,242000,242000,242000,242000,242000,242000,242000,242000,242000,242000,242000,242000,242000,242000,242000,242000,242000,242000,242000,242000,242000,242000,242000,242000,242000,242000,242000,242000,242000,242000,242000,242000,242000,242000,242000,242000,242000,242000,242000,242000,242000,242000,242000,242000,242000,242000,242000,242000,242000,242000
United States,9160000,9160000,9160000,9160000,9160000,9160000,9160000,9160000,9160000,9160000,9160000,9160000,9160000,9160000,9160000,9160000,9160000,9160000,9160000,9160000,9160000,9160000,9160000,9160000,9160000,9160000,9160000,9160000,9160000,9160000,9160000,9160000,9160000,9160000,9160000,9160000,9160000,9160000,9160000,9160000,9160000,9160000,9160000,9160000,9160000,9160000,9160000,9150000,9150000,9150000,9150000,9150000,9150000,9150000,9150000,9150000,9150000,9150000
Uruguay,175000,175000,175000,175000,175000,175000,175000,175000,175000,175000,175000,175000,175000,175000,175000,175000,175000,175000,175000,175000,175000,175000,175000,175000,175000,175000,175000,175000,175000,175000,175000,175000,175000,175000,175000,175000,175000,175000,175000,175000,175000,175000,175000,175000,175000,175000,175000,175000,175000,175000,175000,175000,175000,175000,175000,175000,175000,175000
Uzbekistan,425000,425000,425000,425000,425000,425000,425000,425000,425000,425000,425000,425000,425000,425000,425000,425000,425000,425000,425000,425000,425000,425000,425000,425000,425000,425000,425000,425000,425000,425000,425000,425000,425000,425000,425000,425000,425000,425000,425000,425000,425000,425000,425000,425000,425000,425000,425000,425000,425000,425000,425000,425000,425000,425000,425000,425000,425000,425000
Vanuatu,12200,12200,12200,12200,12200,12200,12200,12200,12200,12200,12200,12200,12200,12200,12200,12200,12200,12200,12200,12200,12200,12200,12200,12200,12200,12200,12200,12200,12200,12200,12200,12200,12200,12200,12200,12200,12200,12200,12200,12200,12200,12200,12200,12200,12200,12200,12200,12200,12200,12200,12200,12200,12200,12200,12200,12200,12200,12200
Venezuela,882000,882000,882000,882000,882000,882000,882000,882000,882000,882000,882000,882000,882000,882000,882000,882000,882000,882000,882000,882000,882000,882000,882000,882000,882000,882000,882000,882000,882000,882000,882000,882000,882000,882000,882000,882000,882000,882000,882000,882000,882000,882000,882000,882000,882000,882000,882000,882000,882000,882000,882000,882000,882000,882000,882000,882000,882000,882000
Vietnam,325000,325000,325000,325000,325000,325000,325000,325000,325000,325000,325000,325000,325000,325000,325000,325000,325000,325000,325000,325000,325000,325000,325000,325000,325000,325000,325000,325000,325000,325000,325000,325000,325000,325000,325000,325000,325000,325000,325000,311000,311000,311000,310000,310000,310000,310000,310000,310000,310000,310000,310000,310000,310000,310000,310000,310000,310000,310000
Yemen,528000,528000,528000,528000,528000,528000,528000,528000,528000,528000,528000,528000,528000,528000,528000,528000,528000,528000,528000,528000,528000,528000,528000,528000,528000,528000,528000,528000,528000,528000,528000,528000,528000,528000,528000,528000,528000,528000,528000,528000,528000,528000,528000,528000,528000,528000,528000,528000,528000,528000,528000,528000,528000,528000,528000,528000,528000,528000
Zambia,743000,743000,743000,743000,743000,743000,743000,743000,743000,743000,743000,743000,743000,743000,743000,743000,743000,743000,743000,743000,743000,743000,743000,743000,743000,743000,743000,743000,743000,743000,743000,743000,743000,743000,743000,743000,743000,743000,743000,743000,743000,743000,743000,743000,743000,743000,743000,743000,743000,743000,743000,743000,743000,743000,743000,743000,743000,743000
Zimbabwe,387000,387000,387000,387000,387000,387000,387000,387000,387000,387000,387000,387000,387000,387000,387000,387000,387000,387000,387000,387000,387000,387000,387000,387000,387000,387000,387000,387000,387000,387000,387000,387000,387000,387000,387000,387000,387000,387000,387000,387000,387000,387000,387000,387000,387000,387000,387000,387000,387000,387000,387000,387000,387000,387000,387000,387000,387000,387000
